<?xml version="1.0" encoding="UTF-8"?>
<project-private xmlns="http://www.netbeans.org/ns/project-private/1">
    <editor-bookmarks xmlns="http://www.netbeans.org/ns/editor-bookmarks/2" lastBookmarkId="0"/>
    <open-files xmlns="http://www.netbeans.org/ns/projectui-open-files/2">
        <group>
            <file>file:/C:/Users/Arwa%20Mohamed/Desktop/Final/src/Controller/GameOverState.java</file>
            <file>file:/C:/Users/Arwa%20Mohamed/Desktop/Final/src/Controller/ModerateLevel.java</file>
            <file>file:/C:/Users/Arwa%20Mohamed/Desktop/Final/src/View/Main.java</file>
            <file>file:/C:/Users/Arwa%20Mohamed/Desktop/Final/src/Controller/HardLevel.java</file>
            <file>file:/C:/Users/Arwa%20Mohamed/Desktop/Final/src/Controller/CircusWorld.java</file>
            <file>file:/C:/Users/Arwa%20Mohamed/Desktop/Final/src/Model/ImageObject.java</file>
            <file>file:/C:/Users/Arwa%20Mohamed/Desktop/Final/src/Controller/State.java</file>
            <file>file:/C:/Users/Arwa%20Mohamed/Desktop/Final/src/Controller/EasyLevel.java</file>
            <file>file:/C:/Users/Arwa%20Mohamed/Desktop/Final/src/Model/Clown.java</file>
            <file>file:/C:/Users/Arwa%20Mohamed/Desktop/Final/src/View/Circus.java</file>
            <file>file:/C:/Users/Arwa%20Mohamed/Desktop/Final/src/View/MainFrame.java</file>
        </group>
    </open-files>
</project-private>
